Abbi Clewley,F,67,KegfmUDFgP,HbphvNKPgJ616
Hugh Kincey,M,46,BctslVTOjF,FjkvlABClP677
Daisey Digman,F,80,WanuxJRDeF,HcclyPHOsE225
Pincas Shallcrass,M,31,LiuueSXKlP,UhywsEXNoZ116
Alene Tatem,F,31,YoiwkRIHqU,QkwdqSTTyB136
Troy McShane,M,33,IpbgwMJFeE,DhnveGJRpR639
Allen Santus,M,35,IazddIGYcL,TkyefDCKvG968
Sullivan Brangan,M,19,JuxurMUIsO,WtrcyHDEvQ913
Rikki Diperaus,M,47,JoirfUWOpL,GelebNKPpX363
Inesita Eannetta,F,87,AjtngPEEvR,PdcszUYRiU079
Carlo Iannini,M,66,KaibwCAFdO,BvyfySAZdE959
Wallache Frears,M,55,UcwamUWSkI,RbpnbZOQeT680
Delia Mellodey,F,52,HgmxfOUWrV,HrztlKTCrH162
Pebrook Sprigging,M,40,HhvzwIAFeP,DlstuHXJyX698
Aviva Giorgeschi,F,69,TegvfWRTwV,GnymeHKBzT999
Brittani Sayer,F,70,RpacmGEXrE,VmqwwEMPwT835
Jeniffer Amiss,F,98,KkgyeXJXjB,YcdzwYXIgG715
Joni Prichard,F,41,NmzjiJDJyJ,XqxgsJXHeS840
Nicol Chiene,F,39,UqbhgDKFrX,MzedpQYDoV882
Royal Gummory,M,8,DbglqVIOmT,JiamzWOQuM875
Analiese McGarel,F,77,GaflpYDQxA,NvpzyERSxW879
Magdalena Sweatman,F,83,XvkfhZTIvN,EtzgsQFQqR877
Clerkclaude Aizikov,M,60,JkigwPCZxM,OwmhlIRQpC724
Eolande Raffon,F,44,CleueVYMkZ,HwgpwOTFzG236
Glyn Swiffin,F,2,DfumpNROoP,ZpwsvYMGrI743
Tremain Racher,M,50,QanaiPLRbS,UaelrILJmA851
Dore Swindells,M,1,TlwmxXTFqY,EldfuINZbN246
Murielle Mallia,F,48,ZeoplCNFhZ,JgrppIMEaF038
Quinton Pickersgill,M,93,LjjzaCUCsO,UufejESNoZ028
Skelly Heathwood,M,4,OphdvINGdL,OniukPGWdS714
Tony Fontel,M,84,OvbqcEBQtA,MovnhFUOiT377
Stefa Matthiesen,F,14,YakpzXTQpF,KvnhrZHEbX349
Codi D'Antonio,M,89,VtpndEGPpZ,OuqasHJRiM211
Thorstein Fountian,M,85,VlfbwMTQcS,ZbbshRWLaG065
Frasier Prandi,M,84,ThkimWIBhI,WneemDVYdN682
Faber Angood,M,84,QaxveITCkM,GqvfhMIBuB636
Griz Goolding,M,21,UfluiFVZnM,NnotqHTYrH429
Clarinda Beranek,F,16,SwgztIJTwY,KkucpJFYtY129
Meaghan Coucher,F,42,HxvwnSHMrR,XpoaiBNVbB064
Allie Rawcliff,M,57,LwtlpYSFoP,KmlnfLYJdY670
Tirrell Doore,M,7,HgvhkNGKyR,PypdeVGFeC864
Andreas Liddy,M,94,FelmbEHGkX,SoeikNUTjE887
Worden Vannuccini,M,81,ExwibUPDqA,VoimyOUYuT553
Paton McKissack,M,5,XfxrjNOUhJ,DucegBHCxZ835
Nester Larret,M,43,FoxycCCGtC,HlpwcJERvM286
Orran Paddeley,M,83,ApbxpNYErA,CnidmFSWxT043
Barr Gillease,M,90,RcvibUQUqD,WweeuNKZyX611
August Guynemer,M,6,GzocbUJIfR,YritzNBKgX677
Kevin Matisoff,M,10,YspchWALbF,NtbmrMGMrM595
Adan Joutapavicius,M,59,WgoytQCSkZ,CdhomSSPsK945
Latashia Roxburch,F,61,BqynfHFZuW,MxijrELQwH804
Maude Tirrey,F,29,LubkxXLAzU,ApfuiMLSgE008
Gian Noddle,M,56,OujzjIIMaI,VkezaGMIuA761
Emelyne Silkston,F,56,DfocuZBVdH,BvoebOCHwF437
Maynard Robuchon,M,6,BjgkfDIIxW,TaygoNLXfB286
Bone Greenshields,M,90,AyxbcYDKfE,IotcnXSWbQ740
Scott Hamflett,M,22,SogjoOJYeH,HivlmXNJxS929
Ernaline Hoodless,F,58,DzydwZKLbY,UuvpcHGYvD648
Heriberto Giffin,M,62,FgxebOEDgZ,GlaejAIAgI597
Gale Learoid,M,2,ZndmqBPJcD,VwsvfSXByV951
Tobiah Vergo,M,98,BjyjdJPDpH,NyekzSYOxA664
Jill Ebben,F,0,YkfmrKDTkC,ElevrOHIrU861
Amandy Morteo,F,89,PyahvXWKtN,DmrdoEEAaI299
Berty Tripet,M,1,ShpaoVILpA,RyaowTAKcN987
Brietta Dearnley,F,12,YadqfYYYdC,AalgeEJNkW834
Sadie Lanphere,F,55,YfwlsKXPkE,NychdWJQiH961
Marten Raeburn,M,84,JunoxGFMaO,MfpgfFKNyM103
Jenni Balloch,F,77,FlzkeFMTeW,AsrevXMIyX167
Darrell Laurenson,M,83,OrogvUQTpC,HapjeLDSfT153
Lani Managh,F,49,HnqtiJQQcM,EvunnTBRnU666
Brig Carlow,M,99,VupyuGKZgM,BhykvPVBqM490
Sheffield Trow,M,62,XiotsEQMrS,UfbwsRDJsF708
Cletis Padula,M,69,SekiyRPQbX,AgofxHTXgA994
Barny Culpin,M,27,FifibYOHiK,SwurwVOAuE965
Cati Reneke,F,88,OexidHXFgL,EttwzMBJpX693
Hoebart Boadby,M,39,KkrofIIMmM,SlmqmKQVyH196
Merrick Kaines,M,89,QeiirNHAnR,WmmhcKBXgW455
Bevon Blaszczynski,M,78,NcetuXVQuI,WdgkbTLNyG967
Cosmo Gorsse,M,73,HcpieUQYyZ,ZwohoNBUwE429
Ysabel Clifton,F,51,FvvzcHJCjS,AfkkuGAKeW695
Leif Rowbury,M,13,PgbgxUGEkR,LhialJLPqM187
Imogene Clow,F,47,NmfgpGMOjA,XhwjhATBeG200
Rozelle Badrock,F,89,WbybiGQZcK,LztikYDNjN047
Roderick Shillabeer,M,42,HmyvaQJPcS,RsseaWRZjV999
Sonnie Bellows,M,19,DqpmgWXBoC,AjcheNOGxA016
Ignaz Blomefield,M,11,SayqaMASiS,KqdocCJWuL080
Wilona Dallender,F,87,ZsqkbWEBaF,CxawtXBNuQ982
Julee Rendall,F,82,SkvksQKKeD,QqozdSSBtX160
Gideon Kingsworth,M,72,RmthoQQSdY,ZkypnJZBiR892
Marylee Biggerstaff,F,56,TmdjpBJFrA,VpsgqDRIdE733
Darbie Benoi,F,76,ItzkhJNZdK,HjqehPZXeB336
Isabella Campaigne,F,29,OqbbeRVKgC,WddkuYOTdB182
Rebe Elkington,F,83,DcrdgYBOtH,DtwikRVFdP035
Christophorus Kinsella,M,19,ArxtuZDXnD,AaqkvJTBfO970
Napoleon Briiginshaw,M,99,QxancVFJuL,LobslXCKhO374
Webster Bonifazio,M,42,GvbzaEEMuG,JssmcIPSjN734
Sarajane Dufore,F,27,EawsxCCYmJ,GgiwlLWEhN294
Linoel Streight,M,37,KsphyAWXhG,WkdkpQHUvN795
Babbie Scard,F,6,ZbtipDMEoJ,EwbtxXBVlX033
Hanni Elijahu,F,45,LxbsdNQAzW,UwqhrUFPdN552
Benoit Middas,M,28,YjubjATJbA,TztanEKDzN857
Edlin Boldock,M,81,GkwbzBOYlE,KnzulVRQtW668
Ruthe Chatto,F,30,GbfrhDQJnQ,XdjijBUJqN576
Chris Timbs,M,44,RdyziRTRiM,BtkpuFMPgP355
Free Halfpenny,M,54,NnhktJCYhU,PljwgDFUvU440
Kesley Castro,F,57,GuhxbSEFxZ,SpktmOLHkX769
Jacquetta Fardon,F,77,KoimoZKYzY,TxiicUOVoT442
Concordia Doige,F,68,TphycNVShD,KtsuzKAFjI196
Lind Louys,M,59,UfbpeEPNdZ,XrpceSMDnN528
Hugues Osmon,M,99,RsgiyNPQsX,MrxcsDFKqQ205
Orelee Tomkinson,F,89,ShsqpMRVxC,VhmbuZXUzR571
Philippa Gwynne,F,35,DxkebWVHwG,CxcyyLVVoN541
Harvey Tosspell,M,93,ReghqPJHqQ,NybrvVTOcY186
Nanon Yeomans,F,65,FbhkdHZEcK,HlqcxOFKpH559
Antony Harcase,M,4,OopxwFFFfY,RnelgVYGpF380
Rouvin Casarino,M,72,JokafPHNnE,AcxgyFTAsF801
Baron Wickie,M,1,MjtbtROUyT,UfgsiPFTmG046
Vladimir Kiddye,M,86,NhfwgVSAaG,TtxwiKWJvY674
Jamey Toke,M,74,FlsypSNUuF,MvwlpZUXvT929
Ronnie Radwell,F,49,LccwuHINrG,OeslbIFYvO801
Bernete Mila,F,43,YqtixLGZtQ,SbeovIUGdG106
Nichol Lean,F,0,MtrykKEQoU,VkpzdPIYzT115
Lacy Rysom,F,48,KkdgrZYDhQ,BmjujVROwG346
Aldin Prettjohn,M,2,SowhhBBNiU,HphxjTWIoH383
Durand Leguey,M,71,JaekhUXHdN,SrqhsAZXwE349
Chelsy Pizer,F,21,IuylzHBYdG,RndepPREsE702
Sharia Dunford,F,1,KitasWMYsX,OlaicMPDqV244
Creigh Smithson,M,51,InfveULZnX,EalubOCYgF438
Harlan Crumpe,M,18,HnecfTUFdE,SexgyVNQsO261
Krissie Luckings,F,34,GwavjUCSvV,YsbklERXbN035
Elianore de Bullion,F,93,PcxueWAOlD,NosrnWBYcU312
Worth Pibsworth,M,0,FxkhxGPDbH,XhfkxEKFoW487
Judy Heinritz,F,80,BkalrXXAcA,VvmsnDWSqJ874
Emalee Gateley,F,0,WemltLFZyS,YmrdqFPHtD300
Wilhelmine Balazot,F,14,CnynaOQFtJ,IcztsPPXtQ897
Melodie Eberle,F,28,HbvvmTQXxY,WcaqhGEIyE272
Gusty Horbart,F,95,UubveGWYoY,JkzspPFCpN803
Caleb Fines,M,93,CyhlpQLOpD,OxrgjKLDgV165
Olivie Marchello,F,93,OoyjnRASsF,BmjxeSFOdM185
Klarrisa McClaren,F,70,FcrjsCKBcD,JqnzvTGZjU992
Elliott Lindeboom,M,66,CzrybZFIbY,ScldkKWXrW417
Christophorus Gartan,M,1,OompwABHbG,FmaypOMTsD393
Charlena Shermore,F,97,AdditFYWnF,WrwmzYIHkM159
Nikola Shapcote,M,38,KlpoeIGBqZ,KwnhdBKQuH476
Giulia Siemandl,F,75,HhpmhGRUbU,BiihyCTHrY779
Tam Venes,M,33,QnhkqVENeB,IqrjpQJMtV864
Anastassia Reinhard,F,45,UyrxsQRExM,KdpthAJTbP392
Calv Sallnow,M,0,AcerzDGVcL,WapfsBBZnK041
Allyn Ragat,M,95,GfpjcOSSvO,PecxiFIArJ972
Francesca Demange,F,76,NminyWNBfG,DvjomPKNhT077
Domini Syddon,F,71,NpjtuDSUyU,RiztfMGHbR676
Roldan Shortcliffe,M,10,BhyraKLHrE,AerlbKQYwN022
Marnie Leel,F,24,PkayfKMXiN,VvcyqGNIzE689
Lonnie Sommerville,M,96,AtywqXVPsF,OaholAMSnV377
Konstantine Londsdale,M,34,BqdykCXMoC,ZgmdwWVTiW582
Reina Crankshaw,F,8,MfoeiZGPuD,IvsjqOYHxP971
Lori Wank,F,73,IjyslAEDjH,XbqydTYQxA753
Wolf Dyball,M,8,SwjvcWNBkV,QnqkkGVKxA327
Deeanne Reedick,F,17,TlwoeEQLmM,PojzzVMCyU556
Johnna Lieb,F,87,JveezGMMiF,YahbrILBcF407
Marlowe Eddowis,M,10,TnrpbPBIsT,FtcvnQSJoO993
Mallorie Royal,F,94,WlaxvJPSqF,EussfGGYmC365
Hastie Cater,M,35,TgvmpOSGtY,LnpnzHXMwL836
Clemmy Scrinage,M,29,OvkadBDGxI,JjhoxPOPiS913
Dame Jopp,M,14,IefamZOHgD,XtbrwZHYfZ266
Jobina Fetteplace,F,33,RsumlTWFuX,DifrjGVFpB684
Roley Teers,M,49,KxrnwHFXlA,MnplyZDUfR255
Reynold Caiger,M,12,AaatkFVDpV,DzxcfFYIeG307
Steward Pulbrook,M,55,YeqocQDZaO,PvivrPVYjC646
Gwendolyn Strotone,F,0,WxbdwZCQlX,XityiFSRzJ938
Suzanne Moncur,F,62,HmnlzOISjW,TzwudQPTmY596
Bryant Isenor,M,64,RbubvBQJiV,VbvbbGQUtT316
Bendicty Bome,M,75,ArgbiDFIzU,ErnrmAEKmI903
Kyle Rowatt,M,22,IfiqzGBRpF,WawdkWCPjC800
Raychel Sieb,F,74,EufoaDSZtM,PnnloVUDlN994
Claudie Sammars,F,84,UgbcvCLBoO,XxjihQTRnV315
Geoffrey Bedingfield,M,0,RyvtbVYHpM,DrdctFUBgL560
Waylan Ghione,M,36,HyasbLUUnB,SwbtlDCZmK059
Deerdre Matijasevic,F,15,TyznrLTPpX,QellsDJQnN011
Fidelia Franzelini,F,93,PmrcxXIHoT,TfoqdYHCjA429
Forest Rainbird,M,14,GcrjdMYGvW,TkexwABDxZ880
Clemmy Carpenter,M,74,QuagcKGFhK,QjaffCHZsI836
Kelly Bedin,F,45,UtizxMDZgZ,LexwwEXMaJ986
Mile Shanks,M,86,HltwhTGWcN,TxczwSLJgY265
Biddie Lovett,F,10,VuzikHVCjC,DlbpaZUJyD060
Sancho Tenwick,M,21,TaoiyRGBuN,GyylcUIHlF139
Flem Novakovic,M,31,EsdceHFInT,OrzcvWLXaQ413
Emalee Goschalk,F,18,VelwoTUKrF,IcibbIBGqK688
Kingsly Camerana,M,27,NkjcuPCSsG,TbfvhPZEiN622
Anders Gostick,M,81,NtbucFAAcT,AjsaoRTRqM881
Alaric Hradsky,M,47,YsodcQNSiV,WybqpKWKyG419
Aarika Gyurkovics,F,40,EghfvMPIsG,FkzdiGPRdA501
Devora Hubatsch,F,52,MmgkfZJLiP,SfwrzCVPpQ587
Alyosha Nizard,M,58,VntutUTDgG,XdkqlAJSpU816
Conny Basillon,F,2,AfuusZGExF,VojzhKZXoU914
Layla Furtado,F,70,TmmsrQMAkX,GwaxvBBXoR628
Marylee Batkin,F,95,CkipxZFJvM,YerueSOGrD367
Milton Thornton-Dewhirst,M,34,VtnlcODJdH,DslgeTGZhV816
Brewer Horwell,M,35,VvqygEUZeQ,YumszKFGwQ554
Ashien Cluer,F,52,YhnsoUFAgE,ZkhjhSPCvC455
